layout,loops,cells,robot,mazes,runs,settled_share,shortest_from_run_mean,total_steps_mean,unfinished_runs,collisions
prim,0.00,15,q-learning,100,30,0.0000,,33699.0,0,0
prim,0.00,15,dyna-q-5,100,30,0.6500,16.98,15163.6,0,0
prim,0.00,15,dyna-q-50,100,30,1.0000,10.34,6152.2,0,0
prim,0.00,15,lrta-star,100,30,0.7200,9.78,7135.7,0,0
prim,0.00,15,map-planner,100,30,1.0000,2.00,2029.4,0,0
prim,0.00,15,route-prover,100,30,1.0000,2.00,2022.0,0,0
backtracker,0.00,15,q-learning,100,30,0.0000,,39237.2,0,0
backtracker,0.00,15,dyna-q-5,100,30,0.0100,20.00,25998.0,0,0
backtracker,0.00,15,dyna-q-50,100,30,1.0000,11.93,10995.8,0,0
backtracker,0.00,15,lrta-star,100,30,0.0000,,17814.1,0,0
backtracker,0.00,15,map-planner,100,30,1.0000,1.00,5678.4,0,0
backtracker,0.00,15,route-prover,100,30,1.0000,1.00,5678.4,0,0
prim,0.10,15,q-learning,100,30,0.0000,,26795.7,0,0
prim,0.10,15,dyna-q-5,100,30,0.0100,17.00,14115.5,0,0
prim,0.10,15,dyna-q-50,100,30,1.0000,11.89,6107.0,0,0
prim,0.10,15,lrta-star,100,30,0.3800,14.11,4462.0,0,0
prim,0.10,15,map-planner,100,30,0.1800,2.00,2276.2,0,0
prim,0.10,15,route-prover,100,30,1.0000,2.00,1912.1,0,0
backtracker,0.10,15,q-learning,100,30,0.0000,,27150.3,0,0
backtracker,0.10,15,dyna-q-5,100,30,0.0000,,16199.1,0,0
backtracker,0.10,15,dyna-q-50,100,30,0.9800,12.56,7088.0,0,0
backtracker,0.10,15,lrta-star,100,30,0.0500,19.40,6665.5,0,0
backtracker,0.10,15,map-planner,100,30,0.1400,1.57,3113.2,0,0
backtracker,0.10,15,route-prover,100,30,1.0000,1.99,2701.7,0,0
prim,0.25,15,q-learning,100,30,0.0000,,23419.5,0,0
prim,0.25,15,dyna-q-5,100,30,0.0000,,13378.4,0,0
prim,0.25,15,dyna-q-50,100,30,0.9700,14.90,6036.3,0,0
prim,0.25,15,lrta-star,100,30,0.0400,18.25,2981.3,0,0
prim,0.25,15,map-planner,100,30,0.0500,2.00,2210.4,0,0
prim,0.25,15,route-prover,100,30,1.0000,2.00,1852.4,0,0
backtracker,0.25,15,q-learning,100,30,0.0000,,22326.3,0,0
backtracker,0.25,15,dyna-q-5,100,30,0.0000,,13344.6,0,0
backtracker,0.25,15,dyna-q-50,100,30,0.9800,14.18,6040.3,0,0
backtracker,0.25,15,lrta-star,100,30,0.1600,14.44,3048.3,0,0
backtracker,0.25,15,map-planner,100,30,0.1500,1.80,2276.7,0,0
backtracker,0.25,15,route-prover,100,30,1.0000,1.98,2030.8,0,0
