layout,loops,cells,robot,run,mean_steps,shortest_mean_steps
prim,0.00,15,q-learning,1,2803.46,59.04
prim,0.00,15,q-learning,2,3037.34,59.04
prim,0.00,15,q-learning,3,2530.18,59.04
prim,0.00,15,q-learning,4,2136.56,59.04
prim,0.00,15,q-learning,5,2148.70,59.04
prim,0.00,15,q-learning,6,1833.18,59.04
prim,0.00,15,q-learning,7,1464.24,59.04
prim,0.00,15,q-learning,8,1442.32,59.04
prim,0.00,15,q-learning,9,1432.10,59.04
prim,0.00,15,q-learning,10,1221.28,59.04
prim,0.00,15,q-learning,11,1007.56,59.04
prim,0.00,15,q-learning,12,1094.82,59.04
prim,0.00,15,q-learning,13,1035.74,59.04
prim,0.00,15,q-learning,14,868.26,59.04
prim,0.00,15,q-learning,15,722.52,59.04
prim,0.00,15,q-learning,16,891.88,59.04
prim,0.00,15,q-learning,17,809.80,59.04
prim,0.00,15,q-learning,18,664.24,59.04
prim,0.00,15,q-learning,19,788.50,59.04
prim,0.00,15,q-learning,20,648.44,59.04
prim,0.00,15,q-learning,21,636.16,59.04
prim,0.00,15,q-learning,22,738.06,59.04
prim,0.00,15,q-learning,23,526.68,59.04
prim,0.00,15,q-learning,24,554.32,59.04
prim,0.00,15,q-learning,25,600.36,59.04
prim,0.00,15,q-learning,26,509.38,59.04
prim,0.00,15,q-learning,27,464.36,59.04
prim,0.00,15,q-learning,28,337.36,59.04
prim,0.00,15,q-learning,29,381.68,59.04
prim,0.00,15,q-learning,30,369.52,59.04
prim,0.00,15,dyna-q-5,1,2545.24,59.04
prim,0.00,15,dyna-q-5,2,3535.22,59.04
prim,0.00,15,dyna-q-5,3,1687.12,59.04
prim,0.00,15,dyna-q-5,4,1044.38,59.04
prim,0.00,15,dyna-q-5,5,1080.42,59.04
prim,0.00,15,dyna-q-5,6,808.10,59.04
prim,0.00,15,dyna-q-5,7,668.70,59.04
prim,0.00,15,dyna-q-5,8,682.92,59.04
prim,0.00,15,dyna-q-5,9,411.22,59.04
prim,0.00,15,dyna-q-5,10,388.86,59.04
prim,0.00,15,dyna-q-5,11,326.38,59.04
prim,0.00,15,dyna-q-5,12,283.28,59.04
prim,0.00,15,dyna-q-5,13,203.44,59.04
prim,0.00,15,dyna-q-5,14,196.16,59.04
prim,0.00,15,dyna-q-5,15,142.96,59.04
prim,0.00,15,dyna-q-5,16,119.56,59.04
prim,0.00,15,dyna-q-5,17,104.78,59.04
prim,0.00,15,dyna-q-5,18,137.80,59.04
prim,0.00,15,dyna-q-5,19,84.10,59.04
prim,0.00,15,dyna-q-5,20,63.90,59.04
prim,0.00,15,dyna-q-5,21,87.34,59.04
prim,0.00,15,dyna-q-5,22,61.74,59.04
prim,0.00,15,dyna-q-5,23,76.62,59.04
prim,0.00,15,dyna-q-5,24,66.74,59.04
prim,0.00,15,dyna-q-5,25,60.04,59.04
prim,0.00,15,dyna-q-5,26,59.50,59.04
prim,0.00,15,dyna-q-5,27,59.20,59.04
prim,0.00,15,dyna-q-5,28,59.38,59.04
prim,0.00,15,dyna-q-5,29,59.34,59.04
prim,0.00,15,dyna-q-5,30,59.18,59.04
prim,0.00,15,dyna-q-50,1,1724.58,59.04
prim,0.00,15,dyna-q-50,2,1962.74,59.04
prim,0.00,15,dyna-q-50,3,474.74,59.04
prim,0.00,15,dyna-q-50,4,207.46,59.04
prim,0.00,15,dyna-q-50,5,158.92,59.04
prim,0.00,15,dyna-q-50,6,112.36,59.04
prim,0.00,15,dyna-q-50,7,98.12,59.04
prim,0.00,15,dyna-q-50,8,82.88,59.04
prim,0.00,15,dyna-q-50,9,72.86,59.04
prim,0.00,15,dyna-q-50,10,67.52,59.04
prim,0.00,15,dyna-q-50,11,64.54,59.04
prim,0.00,15,dyna-q-50,12,61.52,59.04
prim,0.00,15,dyna-q-50,13,59.84,59.04
prim,0.00,15,dyna-q-50,14,59.38,59.04
prim,0.00,15,dyna-q-50,15,59.08,59.04
prim,0.00,15,dyna-q-50,16,59.08,59.04
prim,0.00,15,dyna-q-50,17,59.04,59.04
prim,0.00,15,dyna-q-50,18,59.04,59.04
prim,0.00,15,dyna-q-50,19,59.04,59.04
prim,0.00,15,dyna-q-50,20,59.04,59.04
prim,0.00,15,dyna-q-50,21,59.04,59.04
prim,0.00,15,dyna-q-50,22,59.04,59.04
prim,0.00,15,dyna-q-50,23,59.04,59.04
prim,0.00,15,dyna-q-50,24,59.04,59.04
prim,0.00,15,dyna-q-50,25,59.04,59.04
prim,0.00,15,dyna-q-50,26,59.04,59.04
prim,0.00,15,dyna-q-50,27,59.04,59.04
prim,0.00,15,dyna-q-50,28,59.04,59.04
prim,0.00,15,dyna-q-50,29,59.04,59.04
prim,0.00,15,dyna-q-50,30,59.04,59.04
prim,0.00,15,lrta-star,1,2279.96,59.04
prim,0.00,15,lrta-star,2,1123.78,59.04
prim,0.00,15,lrta-star,3,670.46,59.04
prim,0.00,15,lrta-star,4,395.36,59.04
prim,0.00,15,lrta-star,5,267.26,59.04
prim,0.00,15,lrta-star,6,104.70,59.04
prim,0.00,15,lrta-star,7,113.94,59.04
prim,0.00,15,lrta-star,8,114.50,59.04
prim,0.00,15,lrta-star,9,114.16,59.04
prim,0.00,15,lrta-star,10,99.64,59.04
prim,0.00,15,lrta-star,11,186.46,59.04
prim,0.00,15,lrta-star,12,170.96,59.04
prim,0.00,15,lrta-star,13,109.78,59.04
prim,0.00,15,lrta-star,14,123.32,59.04
prim,0.00,15,lrta-star,15,97.94,59.04
prim,0.00,15,lrta-star,16,120.62,59.04
prim,0.00,15,lrta-star,17,80.96,59.04
prim,0.00,15,lrta-star,18,115.56,59.04
prim,0.00,15,lrta-star,19,101.22,59.04
prim,0.00,15,lrta-star,20,71.52,59.04
prim,0.00,15,lrta-star,21,70.54,59.04
prim,0.00,15,lrta-star,22,78.98,59.04
prim,0.00,15,lrta-star,23,62.36,59.04
prim,0.00,15,lrta-star,24,86.68,59.04
prim,0.00,15,lrta-star,25,64.10,59.04
prim,0.00,15,lrta-star,26,59.80,59.04
prim,0.00,15,lrta-star,27,59.88,59.04
prim,0.00,15,lrta-star,28,65.20,59.04
prim,0.00,15,lrta-star,29,66.46,59.04
prim,0.00,15,lrta-star,30,59.60,59.04
prim,0.00,15,map-planner,1,317.24,59.04
prim,0.00,15,map-planner,2,59.04,59.04
prim,0.00,15,map-planner,3,59.04,59.04
prim,0.00,15,map-planner,4,59.04,59.04
prim,0.00,15,map-planner,5,59.04,59.04
prim,0.00,15,map-planner,6,59.04,59.04
prim,0.00,15,map-planner,7,59.04,59.04
prim,0.00,15,map-planner,8,59.04,59.04
prim,0.00,15,map-planner,9,59.04,59.04
prim,0.00,15,map-planner,10,59.04,59.04
prim,0.00,15,map-planner,11,59.04,59.04
prim,0.00,15,map-planner,12,59.04,59.04
prim,0.00,15,map-planner,13,59.04,59.04
prim,0.00,15,map-planner,14,59.04,59.04
prim,0.00,15,map-planner,15,59.04,59.04
prim,0.00,15,map-planner,16,59.04,59.04
prim,0.00,15,map-planner,17,59.04,59.04
prim,0.00,15,map-planner,18,59.04,59.04
prim,0.00,15,map-planner,19,59.04,59.04
prim,0.00,15,map-planner,20,59.04,59.04
prim,0.00,15,map-planner,21,59.04,59.04
prim,0.00,15,map-planner,22,59.04,59.04
prim,0.00,15,map-planner,23,59.04,59.04
prim,0.00,15,map-planner,24,59.04,59.04
prim,0.00,15,map-planner,25,59.04,59.04
prim,0.00,15,map-planner,26,59.04,59.04
prim,0.00,15,map-planner,27,59.04,59.04
prim,0.00,15,map-planner,28,59.04,59.04
prim,0.00,15,map-planner,29,59.04,59.04
prim,0.00,15,map-planner,30,59.04,59.04
prim,0.00,15,route-prover,1,309.84,59.04
prim,0.00,15,route-prover,2,59.04,59.04
prim,0.00,15,route-prover,3,59.04,59.04
prim,0.00,15,route-prover,4,59.04,59.04
prim,0.00,15,route-prover,5,59.04,59.04
prim,0.00,15,route-prover,6,59.04,59.04
prim,0.00,15,route-prover,7,59.04,59.04
prim,0.00,15,route-prover,8,59.04,59.04
prim,0.00,15,route-prover,9,59.04,59.04
prim,0.00,15,route-prover,10,59.04,59.04
prim,0.00,15,route-prover,11,59.04,59.04
prim,0.00,15,route-prover,12,59.04,59.04
prim,0.00,15,route-prover,13,59.04,59.04
prim,0.00,15,route-prover,14,59.04,59.04
prim,0.00,15,route-prover,15,59.04,59.04
prim,0.00,15,route-prover,16,59.04,59.04
prim,0.00,15,route-prover,17,59.04,59.04
prim,0.00,15,route-prover,18,59.04,59.04
prim,0.00,15,route-prover,19,59.04,59.04
prim,0.00,15,route-prover,20,59.04,59.04
prim,0.00,15,route-prover,21,59.04,59.04
prim,0.00,15,route-prover,22,59.04,59.04
prim,0.00,15,route-prover,23,59.04,59.04
prim,0.00,15,route-prover,24,59.04,59.04
prim,0.00,15,route-prover,25,59.04,59.04
prim,0.00,15,route-prover,26,59.04,59.04
prim,0.00,15,route-prover,27,59.04,59.04
prim,0.00,15,route-prover,28,59.04,59.04
prim,0.00,15,route-prover,29,59.04,59.04
prim,0.00,15,route-prover,30,59.04,59.04
backtracker,0.00,15,q-learning,1,3019.70,189.28
backtracker,0.00,15,q-learning,2,3457.88,189.28
backtracker,0.00,15,q-learning,3,2642.60,189.28
backtracker,0.00,15,q-learning,4,2549.24,189.28
backtracker,0.00,15,q-learning,5,1970.54,189.28
backtracker,0.00,15,q-learning,6,1814.32,189.28
backtracker,0.00,15,q-learning,7,1812.48,189.28
backtracker,0.00,15,q-learning,8,1543.40,189.28
backtracker,0.00,15,q-learning,9,1476.54,189.28
backtracker,0.00,15,q-learning,10,1314.36,189.28
backtracker,0.00,15,q-learning,11,1361.94,189.28
backtracker,0.00,15,q-learning,12,1369.38,189.28
backtracker,0.00,15,q-learning,13,1142.30,189.28
backtracker,0.00,15,q-learning,14,1086.28,189.28
backtracker,0.00,15,q-learning,15,1026.12,189.28
backtracker,0.00,15,q-learning,16,1043.52,189.28
backtracker,0.00,15,q-learning,17,916.22,189.28
backtracker,0.00,15,q-learning,18,893.80,189.28
backtracker,0.00,15,q-learning,19,901.38,189.28
backtracker,0.00,15,q-learning,20,805.56,189.28
backtracker,0.00,15,q-learning,21,724.44,189.28
backtracker,0.00,15,q-learning,22,789.76,189.28
backtracker,0.00,15,q-learning,23,747.08,189.28
backtracker,0.00,15,q-learning,24,736.80,189.28
backtracker,0.00,15,q-learning,25,683.86,189.28
backtracker,0.00,15,q-learning,26,687.68,189.28
backtracker,0.00,15,q-learning,27,725.16,189.28
backtracker,0.00,15,q-learning,28,648.08,189.28
backtracker,0.00,15,q-learning,29,722.24,189.28
backtracker,0.00,15,q-learning,30,624.52,189.28
backtracker,0.00,15,dyna-q-5,1,2309.84,189.28
backtracker,0.00,15,dyna-q-5,2,4711.36,189.28
backtracker,0.00,15,dyna-q-5,3,2285.86,189.28
backtracker,0.00,15,dyna-q-5,4,1495.62,189.28
backtracker,0.00,15,dyna-q-5,5,1457.92,189.28
backtracker,0.00,15,dyna-q-5,6,1259.30,189.28
backtracker,0.00,15,dyna-q-5,7,1122.76,189.28
backtracker,0.00,15,dyna-q-5,8,980.00,189.28
backtracker,0.00,15,dyna-q-5,9,902.00,189.28
backtracker,0.00,15,dyna-q-5,10,830.38,189.28
backtracker,0.00,15,dyna-q-5,11,739.04,189.28
backtracker,0.00,15,dyna-q-5,12,642.90,189.28
backtracker,0.00,15,dyna-q-5,13,626.58,189.28
backtracker,0.00,15,dyna-q-5,14,612.00,189.28
backtracker,0.00,15,dyna-q-5,15,584.22,189.28
backtracker,0.00,15,dyna-q-5,16,498.20,189.28
backtracker,0.00,15,dyna-q-5,17,463.76,189.28
backtracker,0.00,15,dyna-q-5,18,526.06,189.28
backtracker,0.00,15,dyna-q-5,19,444.66,189.28
backtracker,0.00,15,dyna-q-5,20,395.22,189.28
backtracker,0.00,15,dyna-q-5,21,411.18,189.28
backtracker,0.00,15,dyna-q-5,22,344.80,189.28
backtracker,0.00,15,dyna-q-5,23,331.76,189.28
backtracker,0.00,15,dyna-q-5,24,332.34,189.28
backtracker,0.00,15,dyna-q-5,25,306.10,189.28
backtracker,0.00,15,dyna-q-5,26,293.50,189.28
backtracker,0.00,15,dyna-q-5,27,280.26,189.28
backtracker,0.00,15,dyna-q-5,28,279.16,189.28
backtracker,0.00,15,dyna-q-5,29,274.70,189.28
backtracker,0.00,15,dyna-q-5,30,256.54,189.28
backtracker,0.00,15,dyna-q-50,1,1739.40,189.28
backtracker,0.00,15,dyna-q-50,2,2831.20,189.28
backtracker,0.00,15,dyna-q-50,3,547.34,189.28
backtracker,0.00,15,dyna-q-50,4,422.88,189.28
backtracker,0.00,15,dyna-q-50,5,328.76,189.28
backtracker,0.00,15,dyna-q-50,6,274.86,189.28
backtracker,0.00,15,dyna-q-50,7,266.32,189.28
backtracker,0.00,15,dyna-q-50,8,248.56,189.28
backtracker,0.00,15,dyna-q-50,9,237.66,189.28
backtracker,0.00,15,dyna-q-50,10,226.00,189.28
backtracker,0.00,15,dyna-q-50,11,220.70,189.28
backtracker,0.00,15,dyna-q-50,12,208.98,189.28
backtracker,0.00,15,dyna-q-50,13,206.64,189.28
backtracker,0.00,15,dyna-q-50,14,199.90,189.28
backtracker,0.00,15,dyna-q-50,15,194.20,189.28
backtracker,0.00,15,dyna-q-50,16,191.72,189.28
backtracker,0.00,15,dyna-q-50,17,189.92,189.28
backtracker,0.00,15,dyna-q-50,18,189.40,189.28
backtracker,0.00,15,dyna-q-50,19,189.28,189.28
backtracker,0.00,15,dyna-q-50,20,189.28,189.28
backtracker,0.00,15,dyna-q-50,21,189.28,189.28
backtracker,0.00,15,dyna-q-50,22,189.28,189.28
backtracker,0.00,15,dyna-q-50,23,189.28,189.28
backtracker,0.00,15,dyna-q-50,24,189.28,189.28
backtracker,0.00,15,dyna-q-50,25,189.28,189.28
backtracker,0.00,15,dyna-q-50,26,189.28,189.28
backtracker,0.00,15,dyna-q-50,27,189.28,189.28
backtracker,0.00,15,dyna-q-50,28,189.28,189.28
backtracker,0.00,15,dyna-q-50,29,189.28,189.28
backtracker,0.00,15,dyna-q-50,30,189.28,189.28
backtracker,0.00,15,lrta-star,1,1819.10,189.28
backtracker,0.00,15,lrta-star,2,1061.42,189.28
backtracker,0.00,15,lrta-star,3,1021.16,189.28
backtracker,0.00,15,lrta-star,4,868.42,189.28
backtracker,0.00,15,lrta-star,5,881.28,189.28
backtracker,0.00,15,lrta-star,6,732.98,189.28
backtracker,0.00,15,lrta-star,7,743.82,189.28
backtracker,0.00,15,lrta-star,8,700.90,189.28
backtracker,0.00,15,lrta-star,9,598.98,189.28
backtracker,0.00,15,lrta-star,10,567.76,189.28
backtracker,0.00,15,lrta-star,11,611.06,189.28
backtracker,0.00,15,lrta-star,12,616.80,189.28
backtracker,0.00,15,lrta-star,13,555.24,189.28
backtracker,0.00,15,lrta-star,14,570.46,189.28
backtracker,0.00,15,lrta-star,15,485.78,189.28
backtracker,0.00,15,lrta-star,16,499.06,189.28
backtracker,0.00,15,lrta-star,17,437.50,189.28
backtracker,0.00,15,lrta-star,18,416.94,189.28
backtracker,0.00,15,lrta-star,19,422.60,189.28
backtracker,0.00,15,lrta-star,20,410.52,189.28
backtracker,0.00,15,lrta-star,21,400.44,189.28
backtracker,0.00,15,lrta-star,22,466.42,189.28
backtracker,0.00,15,lrta-star,23,379.46,189.28
backtracker,0.00,15,lrta-star,24,391.76,189.28
backtracker,0.00,15,lrta-star,25,405.28,189.28
backtracker,0.00,15,lrta-star,26,359.02,189.28
backtracker,0.00,15,lrta-star,27,354.78,189.28
backtracker,0.00,15,lrta-star,28,325.78,189.28
backtracker,0.00,15,lrta-star,29,369.02,189.28
backtracker,0.00,15,lrta-star,30,340.32,189.28
backtracker,0.00,15,map-planner,1,189.28,189.28
backtracker,0.00,15,map-planner,2,189.28,189.28
backtracker,0.00,15,map-planner,3,189.28,189.28
backtracker,0.00,15,map-planner,4,189.28,189.28
backtracker,0.00,15,map-planner,5,189.28,189.28
backtracker,0.00,15,map-planner,6,189.28,189.28
backtracker,0.00,15,map-planner,7,189.28,189.28
backtracker,0.00,15,map-planner,8,189.28,189.28
backtracker,0.00,15,map-planner,9,189.28,189.28
backtracker,0.00,15,map-planner,10,189.28,189.28
backtracker,0.00,15,map-planner,11,189.28,189.28
backtracker,0.00,15,map-planner,12,189.28,189.28
backtracker,0.00,15,map-planner,13,189.28,189.28
backtracker,0.00,15,map-planner,14,189.28,189.28
backtracker,0.00,15,map-planner,15,189.28,189.28
backtracker,0.00,15,map-planner,16,189.28,189.28
backtracker,0.00,15,map-planner,17,189.28,189.28
backtracker,0.00,15,map-planner,18,189.28,189.28
backtracker,0.00,15,map-planner,19,189.28,189.28
backtracker,0.00,15,map-planner,20,189.28,189.28
backtracker,0.00,15,map-planner,21,189.28,189.28
backtracker,0.00,15,map-planner,22,189.28,189.28
backtracker,0.00,15,map-planner,23,189.28,189.28
backtracker,0.00,15,map-planner,24,189.28,189.28
backtracker,0.00,15,map-planner,25,189.28,189.28
backtracker,0.00,15,map-planner,26,189.28,189.28
backtracker,0.00,15,map-planner,27,189.28,189.28
backtracker,0.00,15,map-planner,28,189.28,189.28
backtracker,0.00,15,map-planner,29,189.28,189.28
backtracker,0.00,15,map-planner,30,189.28,189.28
backtracker,0.00,15,route-prover,1,189.28,189.28
backtracker,0.00,15,route-prover,2,189.28,189.28
backtracker,0.00,15,route-prover,3,189.28,189.28
backtracker,0.00,15,route-prover,4,189.28,189.28
backtracker,0.00,15,route-prover,5,189.28,189.28
backtracker,0.00,15,route-prover,6,189.28,189.28
backtracker,0.00,15,route-prover,7,189.28,189.28
backtracker,0.00,15,route-prover,8,189.28,189.28
backtracker,0.00,15,route-prover,9,189.28,189.28
backtracker,0.00,15,route-prover,10,189.28,189.28
backtracker,0.00,15,route-prover,11,189.28,189.28
backtracker,0.00,15,route-prover,12,189.28,189.28
backtracker,0.00,15,route-prover,13,189.28,189.28
backtracker,0.00,15,route-prover,14,189.28,189.28
backtracker,0.00,15,route-prover,15,189.28,189.28
backtracker,0.00,15,route-prover,16,189.28,189.28
backtracker,0.00,15,route-prover,17,189.28,189.28
backtracker,0.00,15,route-prover,18,189.28,189.28
backtracker,0.00,15,route-prover,19,189.28,189.28
backtracker,0.00,15,route-prover,20,189.28,189.28
backtracker,0.00,15,route-prover,21,189.28,189.28
backtracker,0.00,15,route-prover,22,189.28,189.28
backtracker,0.00,15,route-prover,23,189.28,189.28
backtracker,0.00,15,route-prover,24,189.28,189.28
backtracker,0.00,15,route-prover,25,189.28,189.28
backtracker,0.00,15,route-prover,26,189.28,189.28
backtracker,0.00,15,route-prover,27,189.28,189.28
backtracker,0.00,15,route-prover,28,189.28,189.28
backtracker,0.00,15,route-prover,29,189.28,189.28
backtracker,0.00,15,route-prover,30,189.28,189.28
prim,0.10,15,q-learning,1,2828.44,57.28
prim,0.10,15,q-learning,2,2217.78,57.28
prim,0.10,15,q-learning,3,1704.94,57.28
prim,0.10,15,q-learning,4,1501.04,57.28
prim,0.10,15,q-learning,5,1552.72,57.28
prim,0.10,15,q-learning,6,1551.84,57.28
prim,0.10,15,q-learning,7,1248.22,57.28
prim,0.10,15,q-learning,8,962.80,57.28
prim,0.10,15,q-learning,9,1041.24,57.28
prim,0.10,15,q-learning,10,865.14,57.28
prim,0.10,15,q-learning,11,807.34,57.28
prim,0.10,15,q-learning,12,834.00,57.28
prim,0.10,15,q-learning,13,744.16,57.28
prim,0.10,15,q-learning,14,670.50,57.28
prim,0.10,15,q-learning,15,774.08,57.28
prim,0.10,15,q-learning,16,645.96,57.28
prim,0.10,15,q-learning,17,649.32,57.28
prim,0.10,15,q-learning,18,543.06,57.28
prim,0.10,15,q-learning,19,604.52,57.28
prim,0.10,15,q-learning,20,552.10,57.28
prim,0.10,15,q-learning,21,512.44,57.28
prim,0.10,15,q-learning,22,554.54,57.28
prim,0.10,15,q-learning,23,467.84,57.28
prim,0.10,15,q-learning,24,403.64,57.28
prim,0.10,15,q-learning,25,493.74,57.28
prim,0.10,15,q-learning,26,460.36,57.28
prim,0.10,15,q-learning,27,392.54,57.28
prim,0.10,15,q-learning,28,393.52,57.28
prim,0.10,15,q-learning,29,393.10,57.28
prim,0.10,15,q-learning,30,424.80,57.28
prim,0.10,15,dyna-q-5,1,2546.40,57.28
prim,0.10,15,dyna-q-5,2,2561.12,57.28
prim,0.10,15,dyna-q-5,3,1286.48,57.28
prim,0.10,15,dyna-q-5,4,962.78,57.28
prim,0.10,15,dyna-q-5,5,758.06,57.28
prim,0.10,15,dyna-q-5,6,689.40,57.28
prim,0.10,15,dyna-q-5,7,523.52,57.28
prim,0.10,15,dyna-q-5,8,528.28,57.28
prim,0.10,15,dyna-q-5,9,406.08,57.28
prim,0.10,15,dyna-q-5,10,394.86,57.28
prim,0.10,15,dyna-q-5,11,365.24,57.28
prim,0.10,15,dyna-q-5,12,303.86,57.28
prim,0.10,15,dyna-q-5,13,361.70,57.28
prim,0.10,15,dyna-q-5,14,276.98,57.28
prim,0.10,15,dyna-q-5,15,205.02,57.28
prim,0.10,15,dyna-q-5,16,197.36,57.28
prim,0.10,15,dyna-q-5,17,229.26,57.28
prim,0.10,15,dyna-q-5,18,192.32,57.28
prim,0.10,15,dyna-q-5,19,156.82,57.28
prim,0.10,15,dyna-q-5,20,148.64,57.28
prim,0.10,15,dyna-q-5,21,146.84,57.28
prim,0.10,15,dyna-q-5,22,103.94,57.28
prim,0.10,15,dyna-q-5,23,129.94,57.28
prim,0.10,15,dyna-q-5,24,104.28,57.28
prim,0.10,15,dyna-q-5,25,114.20,57.28
prim,0.10,15,dyna-q-5,26,91.54,57.28
prim,0.10,15,dyna-q-5,27,107.46,57.28
prim,0.10,15,dyna-q-5,28,88.00,57.28
prim,0.10,15,dyna-q-5,29,67.76,57.28
prim,0.10,15,dyna-q-5,30,67.32,57.28
prim,0.10,15,dyna-q-50,1,1946.70,57.28
prim,0.10,15,dyna-q-50,2,1447.14,57.28
prim,0.10,15,dyna-q-50,3,659.30,57.28
prim,0.10,15,dyna-q-50,4,280.10,57.28
prim,0.10,15,dyna-q-50,5,146.30,57.28
prim,0.10,15,dyna-q-50,6,122.34,57.28
prim,0.10,15,dyna-q-50,7,100.12,57.28
prim,0.10,15,dyna-q-50,8,89.30,57.28
prim,0.10,15,dyna-q-50,9,76.86,57.28
prim,0.10,15,dyna-q-50,10,70.32,57.28
prim,0.10,15,dyna-q-50,11,67.44,57.28
prim,0.10,15,dyna-q-50,12,62.40,57.28
prim,0.10,15,dyna-q-50,13,60.60,57.28
prim,0.10,15,dyna-q-50,14,58.60,57.28
prim,0.10,15,dyna-q-50,15,59.60,57.28
prim,0.10,15,dyna-q-50,16,57.62,57.28
prim,0.10,15,dyna-q-50,17,57.42,57.28
prim,0.10,15,dyna-q-50,18,57.36,57.28
prim,0.10,15,dyna-q-50,19,57.30,57.28
prim,0.10,15,dyna-q-50,20,57.42,57.28
prim,0.10,15,dyna-q-50,21,57.28,57.28
prim,0.10,15,dyna-q-50,22,57.28,57.28
prim,0.10,15,dyna-q-50,23,57.28,57.28
prim,0.10,15,dyna-q-50,24,57.28,57.28
prim,0.10,15,dyna-q-50,25,57.28,57.28
prim,0.10,15,dyna-q-50,26,57.28,57.28
prim,0.10,15,dyna-q-50,27,57.28,57.28
prim,0.10,15,dyna-q-50,28,57.28,57.28
prim,0.10,15,dyna-q-50,29,57.28,57.28
prim,0.10,15,dyna-q-50,30,57.28,57.28
prim,0.10,15,lrta-star,1,781.48,57.28
prim,0.10,15,lrta-star,2,461.36,57.28
prim,0.10,15,lrta-star,3,293.82,57.28
prim,0.10,15,lrta-star,4,247.32,57.28
prim,0.10,15,lrta-star,5,205.40,57.28
prim,0.10,15,lrta-star,6,179.04,57.28
prim,0.10,15,lrta-star,7,143.64,57.28
prim,0.10,15,lrta-star,8,140.64,57.28
prim,0.10,15,lrta-star,9,152.64,57.28
prim,0.10,15,lrta-star,10,105.24,57.28
prim,0.10,15,lrta-star,11,133.94,57.28
prim,0.10,15,lrta-star,12,90.02,57.28
prim,0.10,15,lrta-star,13,94.60,57.28
prim,0.10,15,lrta-star,14,117.70,57.28
prim,0.10,15,lrta-star,15,89.98,57.28
prim,0.10,15,lrta-star,16,95.52,57.28
prim,0.10,15,lrta-star,17,82.48,57.28
prim,0.10,15,lrta-star,18,89.60,57.28
prim,0.10,15,lrta-star,19,82.12,57.28
prim,0.10,15,lrta-star,20,109.66,57.28
prim,0.10,15,lrta-star,21,87.26,57.28
prim,0.10,15,lrta-star,22,76.50,57.28
prim,0.10,15,lrta-star,23,87.52,57.28
prim,0.10,15,lrta-star,24,78.64,57.28
prim,0.10,15,lrta-star,25,70.06,57.28
prim,0.10,15,lrta-star,26,67.04,57.28
prim,0.10,15,lrta-star,27,86.28,57.28
prim,0.10,15,lrta-star,28,69.96,57.28
prim,0.10,15,lrta-star,29,68.18,57.28
prim,0.10,15,lrta-star,30,74.34,57.28
prim,0.10,15,map-planner,1,185.92,57.28
prim,0.10,15,map-planner,2,72.08,57.28
prim,0.10,15,map-planner,3,72.08,57.28
prim,0.10,15,map-planner,4,72.08,57.28
prim,0.10,15,map-planner,5,72.08,57.28
prim,0.10,15,map-planner,6,72.08,57.28
prim,0.10,15,map-planner,7,72.08,57.28
prim,0.10,15,map-planner,8,72.08,57.28
prim,0.10,15,map-planner,9,72.08,57.28
prim,0.10,15,map-planner,10,72.08,57.28
prim,0.10,15,map-planner,11,72.08,57.28
prim,0.10,15,map-planner,12,72.08,57.28
prim,0.10,15,map-planner,13,72.08,57.28
prim,0.10,15,map-planner,14,72.08,57.28
prim,0.10,15,map-planner,15,72.08,57.28
prim,0.10,15,map-planner,16,72.08,57.28
prim,0.10,15,map-planner,17,72.08,57.28
prim,0.10,15,map-planner,18,72.08,57.28
prim,0.10,15,map-planner,19,72.08,57.28
prim,0.10,15,map-planner,20,72.08,57.28
prim,0.10,15,map-planner,21,72.08,57.28
prim,0.10,15,map-planner,22,72.08,57.28
prim,0.10,15,map-planner,23,72.08,57.28
prim,0.10,15,map-planner,24,72.08,57.28
prim,0.10,15,map-planner,25,72.08,57.28
prim,0.10,15,map-planner,26,72.08,57.28
prim,0.10,15,map-planner,27,72.08,57.28
prim,0.10,15,map-planner,28,72.08,57.28
prim,0.10,15,map-planner,29,72.08,57.28
prim,0.10,15,map-planner,30,72.08,57.28
prim,0.10,15,route-prover,1,251.00,57.28
prim,0.10,15,route-prover,2,57.28,57.28
prim,0.10,15,route-prover,3,57.28,57.28
prim,0.10,15,route-prover,4,57.28,57.28
prim,0.10,15,route-prover,5,57.28,57.28
prim,0.10,15,route-prover,6,57.28,57.28
prim,0.10,15,route-prover,7,57.28,57.28
prim,0.10,15,route-prover,8,57.28,57.28
prim,0.10,15,route-prover,9,57.28,57.28
prim,0.10,15,route-prover,10,57.28,57.28
prim,0.10,15,route-prover,11,57.28,57.28
prim,0.10,15,route-prover,12,57.28,57.28
prim,0.10,15,route-prover,13,57.28,57.28
prim,0.10,15,route-prover,14,57.28,57.28
prim,0.10,15,route-prover,15,57.28,57.28
prim,0.10,15,route-prover,16,57.28,57.28
prim,0.10,15,route-prover,17,57.28,57.28
prim,0.10,15,route-prover,18,57.28,57.28
prim,0.10,15,route-prover,19,57.28,57.28
prim,0.10,15,route-prover,20,57.28,57.28
prim,0.10,15,route-prover,21,57.28,57.28
prim,0.10,15,route-prover,22,57.28,57.28
prim,0.10,15,route-prover,23,57.28,57.28
prim,0.10,15,route-prover,24,57.28,57.28
prim,0.10,15,route-prover,25,57.28,57.28
prim,0.10,15,route-prover,26,57.28,57.28
prim,0.10,15,route-prover,27,57.28,57.28
prim,0.10,15,route-prover,28,57.28,57.28
prim,0.10,15,route-prover,29,57.28,57.28
prim,0.10,15,route-prover,30,57.28,57.28
backtracker,0.10,15,q-learning,1,2474.32,81.84
backtracker,0.10,15,q-learning,2,2434.26,81.84
backtracker,0.10,15,q-learning,3,1831.40,81.84
backtracker,0.10,15,q-learning,4,1549.74,81.84
backtracker,0.10,15,q-learning,5,1545.52,81.84
backtracker,0.10,15,q-learning,6,1268.78,81.84
backtracker,0.10,15,q-learning,7,1219.22,81.84
backtracker,0.10,15,q-learning,8,1126.38,81.84
backtracker,0.10,15,q-learning,9,894.20,81.84
backtracker,0.10,15,q-learning,10,865.18,81.84
backtracker,0.10,15,q-learning,11,817.96,81.84
backtracker,0.10,15,q-learning,12,798.50,81.84
backtracker,0.10,15,q-learning,13,778.82,81.84
backtracker,0.10,15,q-learning,14,749.94,81.84
backtracker,0.10,15,q-learning,15,729.10,81.84
backtracker,0.10,15,q-learning,16,797.76,81.84
backtracker,0.10,15,q-learning,17,684.70,81.84
backtracker,0.10,15,q-learning,18,629.52,81.84
backtracker,0.10,15,q-learning,19,532.96,81.84
backtracker,0.10,15,q-learning,20,560.94,81.84
backtracker,0.10,15,q-learning,21,535.78,81.84
backtracker,0.10,15,q-learning,22,544.44,81.84
backtracker,0.10,15,q-learning,23,512.16,81.84
backtracker,0.10,15,q-learning,24,452.80,81.84
backtracker,0.10,15,q-learning,25,530.76,81.84
backtracker,0.10,15,q-learning,26,499.36,81.84
backtracker,0.10,15,q-learning,27,447.00,81.84
backtracker,0.10,15,q-learning,28,445.08,81.84
backtracker,0.10,15,q-learning,29,449.40,81.84
backtracker,0.10,15,q-learning,30,444.34,81.84
backtracker,0.10,15,dyna-q-5,1,2345.46,81.84
backtracker,0.10,15,dyna-q-5,2,2155.24,81.84
backtracker,0.10,15,dyna-q-5,3,1658.60,81.84
backtracker,0.10,15,dyna-q-5,4,1236.40,81.84
backtracker,0.10,15,dyna-q-5,5,894.56,81.84
backtracker,0.10,15,dyna-q-5,6,749.60,81.84
backtracker,0.10,15,dyna-q-5,7,728.68,81.84
backtracker,0.10,15,dyna-q-5,8,604.54,81.84
backtracker,0.10,15,dyna-q-5,9,485.58,81.84
backtracker,0.10,15,dyna-q-5,10,478.80,81.84
backtracker,0.10,15,dyna-q-5,11,421.74,81.84
backtracker,0.10,15,dyna-q-5,12,420.22,81.84
backtracker,0.10,15,dyna-q-5,13,368.34,81.84
backtracker,0.10,15,dyna-q-5,14,347.52,81.84
backtracker,0.10,15,dyna-q-5,15,320.64,81.84
backtracker,0.10,15,dyna-q-5,16,328.06,81.84
backtracker,0.10,15,dyna-q-5,17,358.60,81.84
backtracker,0.10,15,dyna-q-5,18,250.40,81.84
backtracker,0.10,15,dyna-q-5,19,212.70,81.84
backtracker,0.10,15,dyna-q-5,20,239.46,81.84
backtracker,0.10,15,dyna-q-5,21,217.40,81.84
backtracker,0.10,15,dyna-q-5,22,178.04,81.84
backtracker,0.10,15,dyna-q-5,23,175.92,81.84
backtracker,0.10,15,dyna-q-5,24,158.96,81.84
backtracker,0.10,15,dyna-q-5,25,144.16,81.84
backtracker,0.10,15,dyna-q-5,26,155.50,81.84
backtracker,0.10,15,dyna-q-5,27,151.40,81.84
backtracker,0.10,15,dyna-q-5,28,149.36,81.84
backtracker,0.10,15,dyna-q-5,29,121.64,81.84
backtracker,0.10,15,dyna-q-5,30,141.56,81.84
backtracker,0.10,15,dyna-q-50,1,1597.44,81.84
backtracker,0.10,15,dyna-q-50,2,1600.38,81.84
backtracker,0.10,15,dyna-q-50,3,859.92,81.84
backtracker,0.10,15,dyna-q-50,4,368.66,81.84
backtracker,0.10,15,dyna-q-50,5,268.68,81.84
backtracker,0.10,15,dyna-q-50,6,176.24,81.84
backtracker,0.10,15,dyna-q-50,7,170.38,81.84
backtracker,0.10,15,dyna-q-50,8,147.52,81.84
backtracker,0.10,15,dyna-q-50,9,116.74,81.84
backtracker,0.10,15,dyna-q-50,10,105.94,81.84
backtracker,0.10,15,dyna-q-50,11,93.94,81.84
backtracker,0.10,15,dyna-q-50,12,92.04,81.84
backtracker,0.10,15,dyna-q-50,13,88.84,81.84
backtracker,0.10,15,dyna-q-50,14,85.56,81.84
backtracker,0.10,15,dyna-q-50,15,84.94,81.84
backtracker,0.10,15,dyna-q-50,16,83.34,81.84
backtracker,0.10,15,dyna-q-50,17,82.36,81.84
backtracker,0.10,15,dyna-q-50,18,82.46,81.84
backtracker,0.10,15,dyna-q-50,19,82.26,81.84
backtracker,0.10,15,dyna-q-50,20,81.90,81.84
backtracker,0.10,15,dyna-q-50,21,81.90,81.84
backtracker,0.10,15,dyna-q-50,22,81.84,81.84
backtracker,0.10,15,dyna-q-50,23,81.84,81.84
backtracker,0.10,15,dyna-q-50,24,81.84,81.84
backtracker,0.10,15,dyna-q-50,25,81.84,81.84
backtracker,0.10,15,dyna-q-50,26,81.84,81.84
backtracker,0.10,15,dyna-q-50,27,81.84,81.84
backtracker,0.10,15,dyna-q-50,28,81.84,81.84
backtracker,0.10,15,dyna-q-50,29,81.84,81.84
backtracker,0.10,15,dyna-q-50,30,81.84,81.84
backtracker,0.10,15,lrta-star,1,532.02,81.84
backtracker,0.10,15,lrta-star,2,401.42,81.84
backtracker,0.10,15,lrta-star,3,325.92,81.84
backtracker,0.10,15,lrta-star,4,310.18,81.84
backtracker,0.10,15,lrta-star,5,338.74,81.84
backtracker,0.10,15,lrta-star,6,265.86,81.84
backtracker,0.10,15,lrta-star,7,236.36,81.84
backtracker,0.10,15,lrta-star,8,253.80,81.84
backtracker,0.10,15,lrta-star,9,210.68,81.84
backtracker,0.10,15,lrta-star,10,204.92,81.84
backtracker,0.10,15,lrta-star,11,211.50,81.84
backtracker,0.10,15,lrta-star,12,213.28,81.84
backtracker,0.10,15,lrta-star,13,211.62,81.84
backtracker,0.10,15,lrta-star,14,190.30,81.84
backtracker,0.10,15,lrta-star,15,205.08,81.84
backtracker,0.10,15,lrta-star,16,213.08,81.84
backtracker,0.10,15,lrta-star,17,191.10,81.84
backtracker,0.10,15,lrta-star,18,173.18,81.84
backtracker,0.10,15,lrta-star,19,188.14,81.84
backtracker,0.10,15,lrta-star,20,178.82,81.84
backtracker,0.10,15,lrta-star,21,172.36,81.84
backtracker,0.10,15,lrta-star,22,176.56,81.84
backtracker,0.10,15,lrta-star,23,175.62,81.84
backtracker,0.10,15,lrta-star,24,175.22,81.84
backtracker,0.10,15,lrta-star,25,156.46,81.84
backtracker,0.10,15,lrta-star,26,162.38,81.84
backtracker,0.10,15,lrta-star,27,151.28,81.84
backtracker,0.10,15,lrta-star,28,164.32,81.84
backtracker,0.10,15,lrta-star,29,137.34,81.84
backtracker,0.10,15,lrta-star,30,137.96,81.84
backtracker,0.10,15,map-planner,1,128.48,81.84
backtracker,0.10,15,map-planner,2,102.92,81.84
backtracker,0.10,15,map-planner,3,102.92,81.84
backtracker,0.10,15,map-planner,4,102.92,81.84
backtracker,0.10,15,map-planner,5,102.92,81.84
backtracker,0.10,15,map-planner,6,102.92,81.84
backtracker,0.10,15,map-planner,7,102.92,81.84
backtracker,0.10,15,map-planner,8,102.92,81.84
backtracker,0.10,15,map-planner,9,102.92,81.84
backtracker,0.10,15,map-planner,10,102.92,81.84
backtracker,0.10,15,map-planner,11,102.92,81.84
backtracker,0.10,15,map-planner,12,102.92,81.84
backtracker,0.10,15,map-planner,13,102.92,81.84
backtracker,0.10,15,map-planner,14,102.92,81.84
backtracker,0.10,15,map-planner,15,102.92,81.84
backtracker,0.10,15,map-planner,16,102.92,81.84
backtracker,0.10,15,map-planner,17,102.92,81.84
backtracker,0.10,15,map-planner,18,102.92,81.84
backtracker,0.10,15,map-planner,19,102.92,81.84
backtracker,0.10,15,map-planner,20,102.92,81.84
backtracker,0.10,15,map-planner,21,102.92,81.84
backtracker,0.10,15,map-planner,22,102.92,81.84
backtracker,0.10,15,map-planner,23,102.92,81.84
backtracker,0.10,15,map-planner,24,102.92,81.84
backtracker,0.10,15,map-planner,25,102.92,81.84
backtracker,0.10,15,map-planner,26,102.92,81.84
backtracker,0.10,15,map-planner,27,102.92,81.84
backtracker,0.10,15,map-planner,28,102.92,81.84
backtracker,0.10,15,map-planner,29,102.92,81.84
backtracker,0.10,15,map-planner,30,102.92,81.84
backtracker,0.10,15,route-prover,1,328.32,81.84
backtracker,0.10,15,route-prover,2,81.84,81.84
backtracker,0.10,15,route-prover,3,81.84,81.84
backtracker,0.10,15,route-prover,4,81.84,81.84
backtracker,0.10,15,route-prover,5,81.84,81.84
backtracker,0.10,15,route-prover,6,81.84,81.84
backtracker,0.10,15,route-prover,7,81.84,81.84
backtracker,0.10,15,route-prover,8,81.84,81.84
backtracker,0.10,15,route-prover,9,81.84,81.84
backtracker,0.10,15,route-prover,10,81.84,81.84
backtracker,0.10,15,route-prover,11,81.84,81.84
backtracker,0.10,15,route-prover,12,81.84,81.84
backtracker,0.10,15,route-prover,13,81.84,81.84
backtracker,0.10,15,route-prover,14,81.84,81.84
backtracker,0.10,15,route-prover,15,81.84,81.84
backtracker,0.10,15,route-prover,16,81.84,81.84
backtracker,0.10,15,route-prover,17,81.84,81.84
backtracker,0.10,15,route-prover,18,81.84,81.84
backtracker,0.10,15,route-prover,19,81.84,81.84
backtracker,0.10,15,route-prover,20,81.84,81.84
backtracker,0.10,15,route-prover,21,81.84,81.84
backtracker,0.10,15,route-prover,22,81.84,81.84
backtracker,0.10,15,route-prover,23,81.84,81.84
backtracker,0.10,15,route-prover,24,81.84,81.84
backtracker,0.10,15,route-prover,25,81.84,81.84
backtracker,0.10,15,route-prover,26,81.84,81.84
backtracker,0.10,15,route-prover,27,81.84,81.84
backtracker,0.10,15,route-prover,28,81.84,81.84
backtracker,0.10,15,route-prover,29,81.84,81.84
backtracker,0.10,15,route-prover,30,81.84,81.84
prim,0.25,15,q-learning,1,2474.60,56.24
prim,0.25,15,q-learning,2,2054.00,56.24
prim,0.25,15,q-learning,3,1633.02,56.24
prim,0.25,15,q-learning,4,1503.90,56.24
prim,0.25,15,q-learning,5,1296.10,56.24
prim,0.25,15,q-learning,6,1126.84,56.24
prim,0.25,15,q-learning,7,1058.24,56.24
prim,0.25,15,q-learning,8,984.42,56.24
prim,0.25,15,q-learning,9,789.82,56.24
prim,0.25,15,q-learning,10,805.94,56.24
prim,0.25,15,q-learning,11,685.20,56.24
prim,0.25,15,q-learning,12,657.84,56.24
prim,0.25,15,q-learning,13,651.34,56.24
prim,0.25,15,q-learning,14,651.04,56.24
prim,0.25,15,q-learning,15,564.04,56.24
prim,0.25,15,q-learning,16,505.50,56.24
prim,0.25,15,q-learning,17,495.24,56.24
prim,0.25,15,q-learning,18,540.92,56.24
prim,0.25,15,q-learning,19,494.56,56.24
prim,0.25,15,q-learning,20,434.42,56.24
prim,0.25,15,q-learning,21,491.50,56.24
prim,0.25,15,q-learning,22,405.20,56.24
prim,0.25,15,q-learning,23,457.84,56.24
prim,0.25,15,q-learning,24,395.72,56.24
prim,0.25,15,q-learning,25,387.26,56.24
prim,0.25,15,q-learning,26,381.80,56.24
prim,0.25,15,q-learning,27,436.76,56.24
prim,0.25,15,q-learning,28,365.66,56.24
prim,0.25,15,q-learning,29,344.28,56.24
prim,0.25,15,q-learning,30,346.54,56.24
prim,0.25,15,dyna-q-5,1,2374.42,56.24
prim,0.25,15,dyna-q-5,2,1911.04,56.24
prim,0.25,15,dyna-q-5,3,1316.74,56.24
prim,0.25,15,dyna-q-5,4,894.86,56.24
prim,0.25,15,dyna-q-5,5,642.36,56.24
prim,0.25,15,dyna-q-5,6,713.38,56.24
prim,0.25,15,dyna-q-5,7,564.78,56.24
prim,0.25,15,dyna-q-5,8,462.12,56.24
prim,0.25,15,dyna-q-5,9,394.14,56.24
prim,0.25,15,dyna-q-5,10,378.86,56.24
prim,0.25,15,dyna-q-5,11,297.90,56.24
prim,0.25,15,dyna-q-5,12,316.50,56.24
prim,0.25,15,dyna-q-5,13,290.04,56.24
prim,0.25,15,dyna-q-5,14,238.78,56.24
prim,0.25,15,dyna-q-5,15,254.20,56.24
prim,0.25,15,dyna-q-5,16,256.56,56.24
prim,0.25,15,dyna-q-5,17,208.50,56.24
prim,0.25,15,dyna-q-5,18,175.92,56.24
prim,0.25,15,dyna-q-5,19,174.48,56.24
prim,0.25,15,dyna-q-5,20,166.16,56.24
prim,0.25,15,dyna-q-5,21,161.98,56.24
prim,0.25,15,dyna-q-5,22,175.26,56.24
prim,0.25,15,dyna-q-5,23,154.56,56.24
prim,0.25,15,dyna-q-5,24,141.56,56.24
prim,0.25,15,dyna-q-5,25,139.10,56.24
prim,0.25,15,dyna-q-5,26,130.66,56.24
prim,0.25,15,dyna-q-5,27,107.22,56.24
prim,0.25,15,dyna-q-5,28,117.56,56.24
prim,0.25,15,dyna-q-5,29,106.80,56.24
prim,0.25,15,dyna-q-5,30,111.92,56.24
prim,0.25,15,dyna-q-50,1,1708.10,56.24
prim,0.25,15,dyna-q-50,2,1496.16,56.24
prim,0.25,15,dyna-q-50,3,589.44,56.24
prim,0.25,15,dyna-q-50,4,302.68,56.24
prim,0.25,15,dyna-q-50,5,203.00,56.24
prim,0.25,15,dyna-q-50,6,149.32,56.24
prim,0.25,15,dyna-q-50,7,122.66,56.24
prim,0.25,15,dyna-q-50,8,103.84,56.24
prim,0.25,15,dyna-q-50,9,93.22,56.24
prim,0.25,15,dyna-q-50,10,81.48,56.24
prim,0.25,15,dyna-q-50,11,76.46,56.24
prim,0.25,15,dyna-q-50,12,69.96,56.24
prim,0.25,15,dyna-q-50,13,65.88,56.24
prim,0.25,15,dyna-q-50,14,63.38,56.24
prim,0.25,15,dyna-q-50,15,60.70,56.24
prim,0.25,15,dyna-q-50,16,58.66,56.24
prim,0.25,15,dyna-q-50,17,57.88,56.24
prim,0.25,15,dyna-q-50,18,56.98,56.24
prim,0.25,15,dyna-q-50,19,57.38,56.24
prim,0.25,15,dyna-q-50,20,56.68,56.24
prim,0.25,15,dyna-q-50,21,56.30,56.24
prim,0.25,15,dyna-q-50,22,56.24,56.24
prim,0.25,15,dyna-q-50,23,56.24,56.24
prim,0.25,15,dyna-q-50,24,56.24,56.24
prim,0.25,15,dyna-q-50,25,56.24,56.24
prim,0.25,15,dyna-q-50,26,56.24,56.24
prim,0.25,15,dyna-q-50,27,56.24,56.24
prim,0.25,15,dyna-q-50,28,56.24,56.24
prim,0.25,15,dyna-q-50,29,56.24,56.24
prim,0.25,15,dyna-q-50,30,56.24,56.24
prim,0.25,15,lrta-star,1,234.36,56.24
prim,0.25,15,lrta-star,2,198.38,56.24
prim,0.25,15,lrta-star,3,177.84,56.24
prim,0.25,15,lrta-star,4,147.20,56.24
prim,0.25,15,lrta-star,5,125.06,56.24
prim,0.25,15,lrta-star,6,100.66,56.24
prim,0.25,15,lrta-star,7,117.20,56.24
prim,0.25,15,lrta-star,8,104.40,56.24
prim,0.25,15,lrta-star,9,90.68,56.24
prim,0.25,15,lrta-star,10,102.32,56.24
prim,0.25,15,lrta-star,11,100.46,56.24
prim,0.25,15,lrta-star,12,97.88,56.24
prim,0.25,15,lrta-star,13,96.46,56.24
prim,0.25,15,lrta-star,14,79.02,56.24
prim,0.25,15,lrta-star,15,90.08,56.24
prim,0.25,15,lrta-star,16,77.50,56.24
prim,0.25,15,lrta-star,17,85.42,56.24
prim,0.25,15,lrta-star,18,77.24,56.24
prim,0.25,15,lrta-star,19,73.12,56.24
prim,0.25,15,lrta-star,20,86.78,56.24
prim,0.25,15,lrta-star,21,88.52,56.24
prim,0.25,15,lrta-star,22,68.36,56.24
prim,0.25,15,lrta-star,23,70.16,56.24
prim,0.25,15,lrta-star,24,75.22,56.24
prim,0.25,15,lrta-star,25,68.98,56.24
prim,0.25,15,lrta-star,26,71.30,56.24
prim,0.25,15,lrta-star,27,67.28,56.24
prim,0.25,15,lrta-star,28,70.76,56.24
prim,0.25,15,lrta-star,29,70.06,56.24
prim,0.25,15,lrta-star,30,68.56,56.24
prim,0.25,15,map-planner,1,115.44,56.24
prim,0.25,15,map-planner,2,72.24,56.24
prim,0.25,15,map-planner,3,72.24,56.24
prim,0.25,15,map-planner,4,72.24,56.24
prim,0.25,15,map-planner,5,72.24,56.24
prim,0.25,15,map-planner,6,72.24,56.24
prim,0.25,15,map-planner,7,72.24,56.24
prim,0.25,15,map-planner,8,72.24,56.24
prim,0.25,15,map-planner,9,72.24,56.24
prim,0.25,15,map-planner,10,72.24,56.24
prim,0.25,15,map-planner,11,72.24,56.24
prim,0.25,15,map-planner,12,72.24,56.24
prim,0.25,15,map-planner,13,72.24,56.24
prim,0.25,15,map-planner,14,72.24,56.24
prim,0.25,15,map-planner,15,72.24,56.24
prim,0.25,15,map-planner,16,72.24,56.24
prim,0.25,15,map-planner,17,72.24,56.24
prim,0.25,15,map-planner,18,72.24,56.24
prim,0.25,15,map-planner,19,72.24,56.24
prim,0.25,15,map-planner,20,72.24,56.24
prim,0.25,15,map-planner,21,72.24,56.24
prim,0.25,15,map-planner,22,72.24,56.24
prim,0.25,15,map-planner,23,72.24,56.24
prim,0.25,15,map-planner,24,72.24,56.24
prim,0.25,15,map-planner,25,72.24,56.24
prim,0.25,15,map-planner,26,72.24,56.24
prim,0.25,15,map-planner,27,72.24,56.24
prim,0.25,15,map-planner,28,72.24,56.24
prim,0.25,15,map-planner,29,72.24,56.24
prim,0.25,15,map-planner,30,72.24,56.24
prim,0.25,15,route-prover,1,221.44,56.24
prim,0.25,15,route-prover,2,56.24,56.24
prim,0.25,15,route-prover,3,56.24,56.24
prim,0.25,15,route-prover,4,56.24,56.24
prim,0.25,15,route-prover,5,56.24,56.24
prim,0.25,15,route-prover,6,56.24,56.24
prim,0.25,15,route-prover,7,56.24,56.24
prim,0.25,15,route-prover,8,56.24,56.24
prim,0.25,15,route-prover,9,56.24,56.24
prim,0.25,15,route-prover,10,56.24,56.24
prim,0.25,15,route-prover,11,56.24,56.24
prim,0.25,15,route-prover,12,56.24,56.24
prim,0.25,15,route-prover,13,56.24,56.24
prim,0.25,15,route-prover,14,56.24,56.24
prim,0.25,15,route-prover,15,56.24,56.24
prim,0.25,15,route-prover,16,56.24,56.24
prim,0.25,15,route-prover,17,56.24,56.24
prim,0.25,15,route-prover,18,56.24,56.24
prim,0.25,15,route-prover,19,56.24,56.24
prim,0.25,15,route-prover,20,56.24,56.24
prim,0.25,15,route-prover,21,56.24,56.24
prim,0.25,15,route-prover,22,56.24,56.24
prim,0.25,15,route-prover,23,56.24,56.24
prim,0.25,15,route-prover,24,56.24,56.24
prim,0.25,15,route-prover,25,56.24,56.24
prim,0.25,15,route-prover,26,56.24,56.24
prim,0.25,15,route-prover,27,56.24,56.24
prim,0.25,15,route-prover,28,56.24,56.24
prim,0.25,15,route-prover,29,56.24,56.24
prim,0.25,15,route-prover,30,56.24,56.24
backtracker,0.25,15,q-learning,1,2000.48,61.84
backtracker,0.25,15,q-learning,2,1808.00,61.84
backtracker,0.25,15,q-learning,3,1488.14,61.84
backtracker,0.25,15,q-learning,4,1416.38,61.84
backtracker,0.25,15,q-learning,5,1114.60,61.84
backtracker,0.25,15,q-learning,6,1199.82,61.84
backtracker,0.25,15,q-learning,7,990.88,61.84
backtracker,0.25,15,q-learning,8,897.90,61.84
backtracker,0.25,15,q-learning,9,675.48,61.84
backtracker,0.25,15,q-learning,10,696.06,61.84
backtracker,0.25,15,q-learning,11,769.30,61.84
backtracker,0.25,15,q-learning,12,712.16,61.84
backtracker,0.25,15,q-learning,13,639.32,61.84
backtracker,0.25,15,q-learning,14,629.92,61.84
backtracker,0.25,15,q-learning,15,604.32,61.84
backtracker,0.25,15,q-learning,16,563.54,61.84
backtracker,0.25,15,q-learning,17,514.98,61.84
backtracker,0.25,15,q-learning,18,540.30,61.84
backtracker,0.25,15,q-learning,19,472.22,61.84
backtracker,0.25,15,q-learning,20,523.36,61.84
backtracker,0.25,15,q-learning,21,451.90,61.84
backtracker,0.25,15,q-learning,22,451.20,61.84
backtracker,0.25,15,q-learning,23,422.30,61.84
backtracker,0.25,15,q-learning,24,439.66,61.84
backtracker,0.25,15,q-learning,25,395.88,61.84
backtracker,0.25,15,q-learning,26,405.22,61.84
backtracker,0.25,15,q-learning,27,392.04,61.84
backtracker,0.25,15,q-learning,28,369.94,61.84
backtracker,0.25,15,q-learning,29,365.62,61.84
backtracker,0.25,15,q-learning,30,375.42,61.84
backtracker,0.25,15,dyna-q-5,1,2170.50,61.84
backtracker,0.25,15,dyna-q-5,2,1769.62,61.84
backtracker,0.25,15,dyna-q-5,3,1217.46,61.84
backtracker,0.25,15,dyna-q-5,4,875.06,61.84
backtracker,0.25,15,dyna-q-5,5,781.44,61.84
backtracker,0.25,15,dyna-q-5,6,686.64,61.84
backtracker,0.25,15,dyna-q-5,7,551.50,61.84
backtracker,0.25,15,dyna-q-5,8,473.88,61.84
backtracker,0.25,15,dyna-q-5,9,454.08,61.84
backtracker,0.25,15,dyna-q-5,10,377.50,61.84
backtracker,0.25,15,dyna-q-5,11,362.88,61.84
backtracker,0.25,15,dyna-q-5,12,314.38,61.84
backtracker,0.25,15,dyna-q-5,13,300.76,61.84
backtracker,0.25,15,dyna-q-5,14,293.68,61.84
backtracker,0.25,15,dyna-q-5,15,259.68,61.84
backtracker,0.25,15,dyna-q-5,16,228.32,61.84
backtracker,0.25,15,dyna-q-5,17,225.14,61.84
backtracker,0.25,15,dyna-q-5,18,204.74,61.84
backtracker,0.25,15,dyna-q-5,19,188.16,61.84
backtracker,0.25,15,dyna-q-5,20,197.64,61.84
backtracker,0.25,15,dyna-q-5,21,179.10,61.84
backtracker,0.25,15,dyna-q-5,22,156.06,61.84
backtracker,0.25,15,dyna-q-5,23,157.82,61.84
backtracker,0.25,15,dyna-q-5,24,155.56,61.84
backtracker,0.25,15,dyna-q-5,25,137.88,61.84
backtracker,0.25,15,dyna-q-5,26,130.94,61.84
backtracker,0.25,15,dyna-q-5,27,140.46,61.84
backtracker,0.25,15,dyna-q-5,28,125.00,61.84
backtracker,0.25,15,dyna-q-5,29,116.36,61.84
backtracker,0.25,15,dyna-q-5,30,112.34,61.84
backtracker,0.25,15,dyna-q-50,1,1468.96,61.84
backtracker,0.25,15,dyna-q-50,2,1324.80,61.84
backtracker,0.25,15,dyna-q-50,3,775.32,61.84
backtracker,0.25,15,dyna-q-50,4,354.72,61.84
backtracker,0.25,15,dyna-q-50,5,237.28,61.84
backtracker,0.25,15,dyna-q-50,6,164.02,61.84
backtracker,0.25,15,dyna-q-50,7,127.94,61.84
backtracker,0.25,15,dyna-q-50,8,118.10,61.84
backtracker,0.25,15,dyna-q-50,9,92.88,61.84
backtracker,0.25,15,dyna-q-50,10,86.72,61.84
backtracker,0.25,15,dyna-q-50,11,81.20,61.84
backtracker,0.25,15,dyna-q-50,12,74.82,61.84
backtracker,0.25,15,dyna-q-50,13,69.38,61.84
backtracker,0.25,15,dyna-q-50,14,67.02,61.84
backtracker,0.25,15,dyna-q-50,15,64.96,61.84
backtracker,0.25,15,dyna-q-50,16,64.24,61.84
backtracker,0.25,15,dyna-q-50,17,62.86,61.84
backtracker,0.25,15,dyna-q-50,18,62.38,61.84
backtracker,0.25,15,dyna-q-50,19,62.10,61.84
backtracker,0.25,15,dyna-q-50,20,62.02,61.84
backtracker,0.25,15,dyna-q-50,21,62.00,61.84
backtracker,0.25,15,dyna-q-50,22,61.84,61.84
backtracker,0.25,15,dyna-q-50,23,61.84,61.84
backtracker,0.25,15,dyna-q-50,24,61.84,61.84
backtracker,0.25,15,dyna-q-50,25,61.84,61.84
backtracker,0.25,15,dyna-q-50,26,61.84,61.84
backtracker,0.25,15,dyna-q-50,27,61.84,61.84
backtracker,0.25,15,dyna-q-50,28,61.84,61.84
backtracker,0.25,15,dyna-q-50,29,61.84,61.84
backtracker,0.25,15,dyna-q-50,30,61.84,61.84
backtracker,0.25,15,lrta-star,1,193.56,61.84
backtracker,0.25,15,lrta-star,2,144.48,61.84
backtracker,0.25,15,lrta-star,3,123.10,61.84
backtracker,0.25,15,lrta-star,4,140.18,61.84
backtracker,0.25,15,lrta-star,5,100.54,61.84
backtracker,0.25,15,lrta-star,6,130.96,61.84
backtracker,0.25,15,lrta-star,7,99.22,61.84
backtracker,0.25,15,lrta-star,8,111.26,61.84
backtracker,0.25,15,lrta-star,9,115.40,61.84
backtracker,0.25,15,lrta-star,10,97.94,61.84
backtracker,0.25,15,lrta-star,11,102.50,61.84
backtracker,0.25,15,lrta-star,12,97.84,61.84
backtracker,0.25,15,lrta-star,13,98.26,61.84
backtracker,0.25,15,lrta-star,14,90.74,61.84
backtracker,0.25,15,lrta-star,15,109.28,61.84
backtracker,0.25,15,lrta-star,16,90.84,61.84
backtracker,0.25,15,lrta-star,17,86.46,61.84
backtracker,0.25,15,lrta-star,18,87.44,61.84
backtracker,0.25,15,lrta-star,19,93.24,61.84
backtracker,0.25,15,lrta-star,20,87.04,61.84
backtracker,0.25,15,lrta-star,21,89.78,61.84
backtracker,0.25,15,lrta-star,22,86.64,61.84
backtracker,0.25,15,lrta-star,23,84.16,61.84
backtracker,0.25,15,lrta-star,24,84.26,61.84
backtracker,0.25,15,lrta-star,25,91.12,61.84
backtracker,0.25,15,lrta-star,26,83.98,61.84
backtracker,0.25,15,lrta-star,27,83.56,61.84
backtracker,0.25,15,lrta-star,28,89.24,61.84
backtracker,0.25,15,lrta-star,29,77.86,61.84
backtracker,0.25,15,lrta-star,30,77.44,61.84
backtracker,0.25,15,map-planner,1,86.64,61.84
backtracker,0.25,15,map-planner,2,75.52,61.84
backtracker,0.25,15,map-planner,3,75.52,61.84
backtracker,0.25,15,map-planner,4,75.52,61.84
backtracker,0.25,15,map-planner,5,75.52,61.84
backtracker,0.25,15,map-planner,6,75.52,61.84
backtracker,0.25,15,map-planner,7,75.52,61.84
backtracker,0.25,15,map-planner,8,75.52,61.84
backtracker,0.25,15,map-planner,9,75.52,61.84
backtracker,0.25,15,map-planner,10,75.52,61.84
backtracker,0.25,15,map-planner,11,75.52,61.84
backtracker,0.25,15,map-planner,12,75.52,61.84
backtracker,0.25,15,map-planner,13,75.52,61.84
backtracker,0.25,15,map-planner,14,75.52,61.84
backtracker,0.25,15,map-planner,15,75.52,61.84
backtracker,0.25,15,map-planner,16,75.52,61.84
backtracker,0.25,15,map-planner,17,75.52,61.84
backtracker,0.25,15,map-planner,18,75.52,61.84
backtracker,0.25,15,map-planner,19,75.52,61.84
backtracker,0.25,15,map-planner,20,75.52,61.84
backtracker,0.25,15,map-planner,21,75.52,61.84
backtracker,0.25,15,map-planner,22,75.52,61.84
backtracker,0.25,15,map-planner,23,75.52,61.84
backtracker,0.25,15,map-planner,24,75.52,61.84
backtracker,0.25,15,map-planner,25,75.52,61.84
backtracker,0.25,15,map-planner,26,75.52,61.84
backtracker,0.25,15,map-planner,27,75.52,61.84
backtracker,0.25,15,map-planner,28,75.52,61.84
backtracker,0.25,15,map-planner,29,75.52,61.84
backtracker,0.25,15,map-planner,30,75.52,61.84
backtracker,0.25,15,route-prover,1,237.40,61.84
backtracker,0.25,15,route-prover,2,61.84,61.84
backtracker,0.25,15,route-prover,3,61.84,61.84
backtracker,0.25,15,route-prover,4,61.84,61.84
backtracker,0.25,15,route-prover,5,61.84,61.84
backtracker,0.25,15,route-prover,6,61.84,61.84
backtracker,0.25,15,route-prover,7,61.84,61.84
backtracker,0.25,15,route-prover,8,61.84,61.84
backtracker,0.25,15,route-prover,9,61.84,61.84
backtracker,0.25,15,route-prover,10,61.84,61.84
backtracker,0.25,15,route-prover,11,61.84,61.84
backtracker,0.25,15,route-prover,12,61.84,61.84
backtracker,0.25,15,route-prover,13,61.84,61.84
backtracker,0.25,15,route-prover,14,61.84,61.84
backtracker,0.25,15,route-prover,15,61.84,61.84
backtracker,0.25,15,route-prover,16,61.84,61.84
backtracker,0.25,15,route-prover,17,61.84,61.84
backtracker,0.25,15,route-prover,18,61.84,61.84
backtracker,0.25,15,route-prover,19,61.84,61.84
backtracker,0.25,15,route-prover,20,61.84,61.84
backtracker,0.25,15,route-prover,21,61.84,61.84
backtracker,0.25,15,route-prover,22,61.84,61.84
backtracker,0.25,15,route-prover,23,61.84,61.84
backtracker,0.25,15,route-prover,24,61.84,61.84
backtracker,0.25,15,route-prover,25,61.84,61.84
backtracker,0.25,15,route-prover,26,61.84,61.84
backtracker,0.25,15,route-prover,27,61.84,61.84
backtracker,0.25,15,route-prover,28,61.84,61.84
backtracker,0.25,15,route-prover,29,61.84,61.84
backtracker,0.25,15,route-prover,30,61.84,61.84
