layout,loops,cells,mazes,open_tiles_mean,dijkstra_expanded_mean,astar_expanded_mean,map_planner_scratch_run1_steps_mean,map_planner_scratch_run1_expanded_mean,map_planner_dstar_run1_steps_mean,map_planner_dstar_run1_expanded_mean,map_planner_same_moves
prim,0.00,7,300,97.00,95.26,49.76,72.23,1529.8,72.23,378.5,300
prim,0.00,15,300,449.00,446.02,205.76,303.11,25560.9,303.11,2031.8,300
prim,0.00,30,300,1799.00,1794.79,803.19,1186.03,374182.0,1186.03,9330.0,300
backtracker,0.00,7,300,97.00,63.13,54.48,48.88,2928.3,48.88,357.5,300
backtracker,0.00,15,300,449.00,273.74,242.89,183.72,50963.0,183.72,1978.0,300
backtracker,0.00,30,300,1799.00,1027.81,944.23,603.77,677608.6,603.77,8745.1,300
prim,0.10,7,300,101.00,99.85,48.42,55.93,1407.3,55.93,330.1,300
prim,0.10,15,300,469.00,467.37,171.17,187.46,20392.7,187.46,1623.7,300
prim,0.10,30,300,1883.00,1881.04,609.98,450.46,193120.9,450.46,5822.0,300
backtracker,0.10,7,300,101.00,78.57,47.89,39.44,2159.9,39.44,295.4,300
backtracker,0.10,15,300,469.00,407.90,224.59,127.11,30962.7,127.11,1468.6,300
backtracker,0.10,30,300,1883.00,1786.49,1040.01,305.08,306417.2,305.08,5360.6,300
prim,0.25,7,300,106.00,105.25,44.34,44.08,1194.2,44.08,288.0,300
prim,0.25,15,300,498.00,497.29,148.17,118.53,13397.0,118.53,1291.1,300
prim,0.25,30,300,2009.00,2008.26,464.18,262.00,117002.5,262.00,4694.3,300
backtracker,0.25,7,300,106.00,94.43,42.31,32.49,1530.5,32.49,249.9,300
backtracker,0.25,15,300,498.00,486.10,154.39,86.32,18875.9,86.32,1173.0,300
backtracker,0.25,30,300,2009.00,2001.79,550.76,187.77,162252.4,187.77,4366.9,300
