layout,loops,cells,agent,mazes,run1_mean_steps,run2_mean_steps,shortest_mean_steps,run1_over_run2_median,run2_over_shortest_mean,run2_shortest_share,run1_search_expansions_mean,collisions,failures
prim,0.00,7,coursework,300,92.76,24.88,24.88,3.690,1.000,1.0000,0.0,0,0
prim,0.00,7,map-planner,300,72.23,24.88,24.88,2.857,1.000,1.0000,386.0,0,0
prim,0.00,7,route-prover,300,70.91,24.88,24.88,2.833,1.000,1.0000,2137.3,0,0
prim,0.00,7,a-star,300,24.88,24.88,24.88,1.000,1.000,1.0000,49.8,0,0
prim,0.00,7,frontier-explorer,300,72.23,24.88,24.88,2.857,1.000,1.0000,0.0,0,0
prim,0.00,7,learned-explorer,300,70.08,24.88,24.88,2.833,1.000,1.0000,0.0,0,0
prim,0.00,15,coursework,300,437.87,59.37,59.37,7.143,1.000,1.0000,0.0,0,0
prim,0.00,15,map-planner,300,303.11,59.37,59.37,5.000,1.000,1.0000,2106.0,0,0
prim,0.00,15,route-prover,300,295.39,59.37,59.37,4.667,1.000,1.0000,31739.3,0,0
prim,0.00,15,a-star,300,59.37,59.37,59.37,1.000,1.000,1.0000,205.8,0,0
prim,0.00,15,frontier-explorer,300,302.68,59.37,59.37,5.000,1.000,1.0000,0.0,0,0
prim,0.00,15,learned-explorer,300,266.47,59.37,59.37,4.379,1.000,1.0000,0.0,0,0
prim,0.00,30,coursework,300,1841.05,123.55,123.55,14.726,1.000,1.0000,0.0,0,0
prim,0.00,30,map-planner,300,1186.03,123.55,123.55,9.559,1.000,1.0000,9810.8,0,0
prim,0.00,30,route-prover,300,1109.51,123.55,123.55,8.841,1.000,1.0000,398781.1,0,0
prim,0.00,30,a-star,300,123.55,123.55,123.55,1.000,1.000,1.0000,803.2,0,0
prim,0.00,30,frontier-explorer,300,1183.01,123.55,123.55,9.500,1.000,1.0000,0.0,0,0
prim,0.00,30,learned-explorer,300,1068.96,123.55,123.55,8.688,1.000,1.0000,0.0,0,0
backtracker,0.00,7,coursework,300,81.76,48.88,48.88,1.380,1.000,1.0000,0.0,0,0
backtracker,0.00,7,map-planner,300,48.88,48.88,48.88,1.000,1.000,1.0000,357.6,0,0
backtracker,0.00,7,route-prover,300,48.88,48.88,48.88,1.000,1.000,1.0000,2060.3,0,0
backtracker,0.00,7,a-star,300,48.88,48.88,48.88,1.000,1.000,1.0000,54.5,0,0
backtracker,0.00,7,frontier-explorer,300,48.88,48.88,48.88,1.000,1.000,1.0000,0.0,0,0
backtracker,0.00,7,learned-explorer,300,48.88,48.88,48.88,1.000,1.000,1.0000,0.0,0,0
backtracker,0.00,15,coursework,300,411.63,183.72,183.72,1.833,1.000,1.0000,0.0,0,0
backtracker,0.00,15,map-planner,300,183.72,183.72,183.72,1.000,1.000,1.0000,1980.9,0,0
backtracker,0.00,15,route-prover,300,183.72,183.72,183.72,1.000,1.000,1.0000,33756.4,0,0
backtracker,0.00,15,a-star,300,183.72,183.72,183.72,1.000,1.000,1.0000,242.9,0,0
backtracker,0.00,15,frontier-explorer,300,183.72,183.72,183.72,1.000,1.000,1.0000,0.0,0,0
backtracker,0.00,15,learned-explorer,300,183.72,183.72,183.72,1.000,1.000,1.0000,0.0,0,0
backtracker,0.00,30,coursework,300,1645.56,603.77,603.77,2.353,1.000,1.0000,0.0,0,0
backtracker,0.00,30,map-planner,300,603.77,603.77,603.77,1.000,1.000,1.0000,8760.3,0,0
backtracker,0.00,30,route-prover,300,603.77,603.77,603.77,1.000,1.000,1.0000,431473.9,0,0
backtracker,0.00,30,a-star,300,603.77,603.77,603.77,1.000,1.000,1.0000,944.2,0,0
backtracker,0.00,30,frontier-explorer,300,603.77,603.77,603.77,1.000,1.000,1.0000,0.0,0,0
backtracker,0.00,30,learned-explorer,300,603.77,603.77,603.77,1.000,1.000,1.0000,0.0,0,0
prim,0.10,7,coursework,300,118.77,40.92,24.47,2.449,1.676,0.2233,0.0,0,0
prim,0.10,7,map-planner,300,55.93,27.20,24.47,2.000,1.112,0.6600,335.6,0,0
prim,0.10,7,route-prover,300,64.41,24.47,24.47,2.333,1.000,1.0000,1986.0,0,0
prim,0.10,7,a-star,300,24.47,24.47,24.47,1.000,1.000,1.0000,48.4,0,0
prim,0.10,7,frontier-explorer,300,55.92,26.53,24.47,2.000,1.085,0.7233,0.0,0,0
prim,0.10,7,learned-explorer,300,53.35,26.45,24.47,1.833,1.081,0.7200,0.0,0,0
prim,0.10,15,coursework,300,640.80,130.40,57.16,4.286,2.283,0.0133,0.0,0,0
prim,0.10,15,map-planner,300,187.46,73.96,57.16,2.410,1.295,0.1467,1657.6,0,0
prim,0.10,15,route-prover,300,256.07,57.16,57.16,4.429,1.000,1.0000,29857.5,0,0
prim,0.10,15,a-star,300,57.16,57.16,57.16,1.000,1.000,1.0000,171.2,0,0
prim,0.10,15,frontier-explorer,300,187.63,71.37,57.16,2.478,1.250,0.1900,0.0,0,0
prim,0.10,15,learned-explorer,300,167.17,69.28,57.16,2.286,1.213,0.2367,0.0,0,0
prim,0.10,30,coursework,300,2655.48,405.11,119.27,5.597,3.399,0.0033,0.0,0,0
prim,0.10,30,map-planner,300,450.46,176.01,119.27,2.401,1.476,0.0033,5925.7,0,0
prim,0.10,30,route-prover,300,764.16,119.27,119.27,6.322,1.000,1.0000,323702.6,0,0
prim,0.10,30,a-star,300,119.27,119.27,119.27,1.000,1.000,1.0000,610.0,0,0
prim,0.10,30,frontier-explorer,300,451.83,171.27,119.27,2.476,1.436,0.0067,0.0,0,0
prim,0.10,30,learned-explorer,300,389.85,157.68,119.27,2.341,1.322,0.0133,0.0,0,0
backtracker,0.10,7,coursework,300,102.69,62.44,32.48,1.286,1.955,0.1733,0.0,0,0
backtracker,0.10,7,map-planner,300,39.44,36.12,32.48,1.000,1.121,0.6567,295.7,0,0
backtracker,0.10,7,route-prover,300,57.01,32.48,32.48,1.304,1.000,1.0000,2013.1,0,0
backtracker,0.10,7,a-star,300,32.48,32.48,32.48,1.000,1.000,1.0000,47.9,0,0
backtracker,0.10,7,frontier-explorer,300,39.48,35.51,32.48,1.000,1.103,0.6967,0.0,0,0
backtracker,0.10,7,learned-explorer,300,39.79,35.09,32.48,1.000,1.088,0.7267,0.0,0,0
backtracker,0.10,15,coursework,300,667.01,265.03,80.69,1.781,3.346,0.0033,0.0,0,0
backtracker,0.10,15,map-planner,300,127.11,101.92,80.69,1.143,1.270,0.1967,1475.6,0,0
backtracker,0.10,15,route-prover,300,309.88,80.69,80.69,3.947,1.000,1.0000,37542.7,0,0
backtracker,0.10,15,a-star,300,80.69,80.69,80.69,1.000,1.000,1.0000,224.6,0,0
backtracker,0.10,15,frontier-explorer,300,126.49,100.45,80.69,1.149,1.254,0.2267,0.0,0,0
backtracker,0.10,15,learned-explorer,300,125.61,97.56,80.69,1.176,1.214,0.2800,0.0,0,0
backtracker,0.10,30,coursework,300,3064.84,872.15,164.12,2.572,5.384,0.0000,0.0,0,0
backtracker,0.10,30,map-planner,300,305.08,233.23,164.12,1.238,1.428,0.0133,5391.9,0,0
backtracker,0.10,30,route-prover,300,1298.49,164.12,164.12,8.040,1.000,1.0000,542577.1,0,0
backtracker,0.10,30,a-star,300,164.12,164.12,164.12,1.000,1.000,1.0000,1040.0,0,0
backtracker,0.10,30,frontier-explorer,300,303.29,229.24,164.12,1.255,1.403,0.0133,0.0,0,0
backtracker,0.10,30,learned-explorer,300,296.43,217.49,164.12,1.310,1.328,0.0333,0.0,0,0
prim,0.25,7,coursework,300,153.91,61.21,24.24,1.750,2.527,0.0733,0.0,0,0
prim,0.25,7,map-planner,300,44.08,27.79,24.24,1.500,1.146,0.4767,291.1,0,0
prim,0.25,7,route-prover,300,56.43,24.24,24.24,2.000,1.000,1.0000,1773.5,0,0
prim,0.25,7,a-star,300,24.24,24.24,24.24,1.000,1.000,1.0000,44.3,0,0
prim,0.25,7,frontier-explorer,300,44.07,26.60,24.24,1.500,1.098,0.6133,0.0,0,0
prim,0.25,7,learned-explorer,300,41.85,26.35,24.24,1.500,1.087,0.6467,0.0,0,0
prim,0.25,15,coursework,300,830.00,261.83,56.36,2.282,4.652,0.0000,0.0,0,0
prim,0.25,15,map-planner,300,118.53,72.88,56.36,1.559,1.293,0.0600,1303.3,0,0
prim,0.25,15,route-prover,300,217.96,56.36,56.36,3.929,1.000,1.0000,26795.7,0,0
prim,0.25,15,a-star,300,56.36,56.36,56.36,1.000,1.000,1.0000,148.2,0,0
prim,0.25,15,frontier-explorer,300,118.75,69.64,56.36,1.657,1.236,0.1033,0.0,0,0
prim,0.25,15,learned-explorer,300,108.39,67.00,56.36,1.529,1.189,0.1533,0.0,0,0
prim,0.25,30,coursework,300,3984.51,946.65,116.52,3.246,8.126,0.0000,0.0,0,0
prim,0.25,30,map-planner,300,262.00,161.40,116.52,1.576,1.385,0.0000,4723.9,0,0
prim,0.25,30,route-prover,300,722.04,116.52,116.52,6.172,1.000,1.0000,337638.9,0,0
prim,0.25,30,a-star,300,116.52,116.52,116.52,1.000,1.000,1.0000,464.2,0,0
prim,0.25,30,frontier-explorer,300,262.21,156.40,116.52,1.640,1.342,0.0000,0.0,0,0
prim,0.25,30,learned-explorer,300,233.47,146.24,116.52,1.554,1.255,0.0067,0.0,0,0
backtracker,0.25,7,coursework,300,127.56,87.43,26.80,1.082,3.274,0.0500,0.0,0,0
backtracker,0.25,7,map-planner,300,32.49,30.19,26.80,1.000,1.130,0.5667,250.0,0,0
backtracker,0.25,7,route-prover,300,50.79,26.80,26.80,1.429,1.000,1.0000,1745.6,0,0
backtracker,0.25,7,a-star,300,26.80,26.80,26.80,1.000,1.000,1.0000,42.3,0,0
backtracker,0.25,7,frontier-explorer,300,32.49,29.67,26.80,1.000,1.111,0.6067,0.0,0,0
backtracker,0.25,7,learned-explorer,300,32.83,29.05,26.80,1.000,1.085,0.6800,0.0,0,0
backtracker,0.25,15,coursework,300,886.59,395.03,61.21,1.291,6.465,0.0000,0.0,0,0
backtracker,0.25,15,map-planner,300,86.32,75.51,61.21,1.100,1.236,0.1367,1175.4,0,0
backtracker,0.25,15,route-prover,300,222.99,61.21,61.21,3.800,1.000,1.0000,29320.9,0,0
backtracker,0.25,15,a-star,300,61.21,61.21,61.21,1.000,1.000,1.0000,154.4,0,0
backtracker,0.25,15,frontier-explorer,300,86.49,74.32,61.21,1.118,1.217,0.1667,0.0,0,0
backtracker,0.25,15,learned-explorer,300,84.15,70.36,61.21,1.125,1.151,0.2500,0.0,0,0
backtracker,0.25,30,coursework,300,4455.60,1618.63,124.08,1.671,13.076,0.0000,0.0,0,0
backtracker,0.25,30,map-planner,300,187.77,164.85,124.08,1.114,1.330,0.0000,4372.7,0,0
backtracker,0.25,30,route-prover,300,808.39,124.08,124.08,6.517,1.000,1.0000,397409.0,0,0
backtracker,0.25,30,a-star,300,124.08,124.08,124.08,1.000,1.000,1.0000,550.8,0,0
backtracker,0.25,30,frontier-explorer,300,188.25,162.35,124.08,1.134,1.309,0.0000,0.0,0,0
backtracker,0.25,30,learned-explorer,300,183.47,151.83,124.08,1.194,1.224,0.0133,0.0,0,0
