generation,best_cost,mean_cost,mean_travel,mean_remaining,mean_manhattan,mean_unknown_walls,mean_age,mean_towards_target
1,0.98599,1.32152,1.000000,1.479876,-0.006454,0.124000,-0.005514,-1.064599
2,0.98419,1.01325,1.000000,1.649682,-0.404374,0.141384,0.022065,-1.234576
3,0.98419,1.06964,1.000000,1.662553,-0.496853,0.135968,0.061215,-1.146528
4,0.98030,1.00925,1.000000,1.641607,-0.452991,0.063975,0.079933,-0.795002
5,0.98162,0.98851,1.000000,1.728167,-0.382068,0.143138,0.082216,-0.714940
6,0.98028,0.98705,1.000000,1.737652,-0.415600,0.161537,0.134520,-0.574321
7,0.98104,0.98489,1.000000,1.805365,-0.451405,0.132984,0.147388,-0.522023
8,0.98028,0.98508,1.000000,1.825496,-0.497201,0.111611,0.162281,-0.536478
9,0.98011,0.98334,1.000000,1.861237,-0.546802,0.104961,0.146515,-0.499810
10,0.98015,0.98343,1.000000,1.860203,-0.570848,0.095139,0.132540,-0.476397
11,0.98008,0.98325,1.000000,1.854970,-0.553318,0.085769,0.124748,-0.457940
12,0.98008,0.98242,1.000000,1.834627,-0.591573,0.060378,0.108155,-0.415806
13,0.98008,0.98359,1.000000,1.842602,-0.630388,0.063311,0.106811,-0.386234
14,0.98008,0.98365,1.000000,1.852130,-0.664722,0.049858,0.115101,-0.392083
15,0.98008,0.98464,1.000000,1.876145,-0.638526,0.044714,0.112663,-0.357876
16,0.98008,0.98463,1.000000,1.868503,-0.606066,0.059733,0.130744,-0.361205
17,0.98008,0.98356,1.000000,1.889801,-0.597687,0.060830,0.138768,-0.389627
18,0.98008,0.98422,1.000000,1.939290,-0.677941,0.063668,0.130225,-0.338597
19,0.98008,0.98467,1.000000,1.982183,-0.701062,0.071306,0.153216,-0.338763
20,0.98008,0.98492,1.000000,1.988459,-0.727086,0.087466,0.143681,-0.345900
21,0.98012,0.98434,1.000000,2.038928,-0.741215,0.094545,0.160612,-0.353952
22,0.98008,0.98312,1.000000,2.027939,-0.740694,0.088073,0.151139,-0.316800
23,0.98008,0.98356,1.000000,2.026225,-0.770440,0.055238,0.148021,-0.306407
24,0.98015,0.98318,1.000000,2.017740,-0.737964,0.058384,0.142965,-0.317541
25,0.98008,0.98338,1.000000,2.027851,-0.717179,0.068142,0.139372,-0.295005
